<?xml version="1.0" encoding="UTF-8"?>
<project-private xmlns="http://www.netbeans.org/ns/project-private/1">
    <editor-bookmarks xmlns="http://www.netbeans.org/ns/editor-bookmarks/2" lastBookmarkId="0"/>
    <open-files xmlns="http://www.netbeans.org/ns/projectui-open-files/2">
        <group>
            <file>file:/C:/Users/fabio/Documents/NetBeansProjects/LerSerial/src/lerserial/SerialCOMq_wr.java</file>
            <file>file:/C:/Users/fabio/Documents/NetBeansProjects/LerSerial/src/lerserial/LerSerial.java</file>
            <file>file:/C:/Users/fabio/Documents/NetBeansProjects/LerSerial/src/lerserial/SerialCOMq.java</file>
            <file>file:/C:/Users/fabio/Documents/NetBeansProjects/LerSerial/src/lerserial/AcessoBD.java</file>
        </group>
    </open-files>
</project-private>
